domain,count
amazon.com,5
stackoverflow.com,5
microsoft.com,3
slack.com,3
twitter.com,2
zoom.us,2
spotify.com,2
cloudflare.com,2
linkedin.com,2
reddit.com,2
github.com,2
netflix.com,2
mlkgztfimrbsawcgtfat.nkcpkthoycpnxulziyoc.ncidpjmmfojvtonpmxrp.apxmxfjfykyeqcajqdca.brswliykkkeevxecbbkh.bxwfxtrgrqxpcovopmok.egiiqxdzpnbkweogeyfr.com,1
koewvykajyqfqkcqzaid.aiqwosuunvoexydhfqdx.wdvqzimhfnqvuczyuuzy.lphbvjohosppichuhslz.com,1
uzthfirzoianbjxodhze.dalitmxdgwoeylrpfvvh.jhssjzmasnyqdrnwdcwk.ovsxvotmjqezqovbmglj.juxotdvrmtpvruntwnjl.com,1
apple.com,1
akgazwbrkhwxebrhbaal.olzcafqtufnarnqiiamv.caqbunvllutkngugowjg.zbnkczkleealibinenlb.com,1
tyrrdlimufwxdfgnuvnl.asoibftvmppaeurgllqv.riscffxajobzwawuongw.udqjimhqhemkklnchvif.brfukyrwdpktqprbtqho.icvtnywbswovmhecpqnm.com,1
rntnzrzwlnbaqmjubmrz.yzcdastrcfimgmnfimnu.ubwbfdfikymnkroihqty.vwfoifmvcmhhabfafzsn.com,1
jpoheozrelyaoacuwokx.hotjbqvhwxkdpxpsibxu.ggwzonkyfkipsfxgikgo.xaldubtcqfwrabujdqyh.com,1
zqahityiqgelonlkiujo.flvwrqghcqzpsyqdvgji.gbsgtobzxkznthvtczhy.rrnspkdiqhukzuxaplhe.qlouxivforzbkcvrhtys.com,1
hnmrgzlmewjuouorvtgg.egvudirnhsjlqbgzqyrj.llddhbtuvdznpybzzxrt.tskxzvozjlmllydimdbw.yezmpedvawqamuvbttbd.xnnugfhtwuecifkvasoa.amfxljnixpbvnrrsvrqn.com,1
zpiawucccbjdnkteewvm.rfmupsgnbnigdnscurtw.ujjmvocwawwupcqwzkgc.efxtndkxezddrzqeqayq.oimvatecgrnrfcvxuuah.vxnngirpmohsgkawztdl.com,1
jepctaqoilivebmabwig.glyklsstnnkhlmvoyafk.uffhitaauqpfjiyqxhit.fdunsssfknoovrzsscgb.rmjahswiokzduddwtbgm.lcapagocskcoydvtkpvw.nbhscnidbumyqzxbuzeb.com,1
google.com,1
fjfyrflyijhzygeotmaj.puxeznteqatejqxykaed.jnikcnhqqtflswklalpz.cstpulhdxkqlcjatical.bulsrbeeqwqruilkflrv.hxwasstxtjsfcwmgintl.cvwoyrxzfqrouxvzdrid.com,1
pvkjedcbxmccspcylssf.urnocptwiliuyziezklc.stigzgiuoyhqdufmlaep.qlzhipdtqvextirohtlt.ujdpouknjqalbkubdopc.com,1
padhxdgpemrxwsmquacj.cavyefwbetopykgkmpqm.umoceywobyqbdfkmfbau.ihexphiamosjdifkuprv.com,1
htcnnwcuomgugogzyhjt.qfymzuakhgayecbbskxv.wmyxrnqzikdqudvxsycb.clsrbrqlxzhfnvjmmwrh.rssiiyavtokmqwopecmb.com,1
medium.com,1
rlbtthsmszkoagqwqnsf.cpzakrbnunsqcbtaedwr.ectuvprttvouyrlgsqdh.buriflbgcgkqnarpmckm.kjlqmfpoppfshrewwqnq.olliinihgyrwbmamegzc.tmsgjodttjpujgpukrxr.com,1
ttoqutqmaqwavwlnmjck.rtnlwdiaaaleexhdeabi.gsbgmnmfacscjiekcwyt.whopbixfzfjxmlkgdfcx.pqipabxxjnujvhhjhquk.com,1
dtuyuhjvajleyzrkueie.ymlbqvfodlmezfdjclqc.abyvziidbugmmcdznknx.gablqmlbnynexmafwtca.rdqxltggyculmxeyuirt.kzfuzmbnmuezftzambza.com,1
klbnoaxdtohpmrsswkva.kuerfgurmrhobumoexsy.awxbhqacpdqlnzewmhhw.hgykzvyszuoypkpmoztg.vflfwdsklyjqoiquxaxg.com,1
pacptyojsziukptpwukj.keizokimhrarsnhqzgtd.cpolewgwdzaqgtmccbfa.tjecnjhoikezgahwaxeb.zpadaiwippylzsleiips.hhvpkxjqeskfmnwfrwvs.com,1
xzcpdyfftwzyblcxmdkc.aupbuvdewnsitobnzqgl.zcuvibyxdaientblwxpl.cjplqidonfiyvlgyazrr.com,1
xuvunnxtjtazqgagyibo.sowagpcaikcgkhayhjia.oclqtpmoaugmuxrhelhj.tyzgymvbjphtzanzrlfr.gtsmqdfbnkhguftyevus.xngvyljebljfgtizaypx.com,1
ermymxsurtqjqygmczrq.liwgzvlkvmkadejfxrro.psjuggusexcclxqweayo.qeewgcrdchwqptpoocdw.com,1
sxndtxjvbreckecowxmz.wqxbwebqhrdrokcmihsy.wiuqdirtauvogjyzfacg.onmewcpppgafqqwbjrrn.com,1
kpbebsqdnvyhihlgkhos.rrbhcedycgpcmjipqvru.vtsimfavgyfztfexlwvg.ktmpgmhroctbyklswgeq.com,1
wikipedia.org,1
lvcwxoxtjmubldyxmily.dbfshtizaerdrxcreuqe.uipgswqidxarqoplfjzg.ubmmjpwgmtxhfbksejdg.com,1
ziuyojbxfwzbjrsffajv.eozlwdapiaihsfjmfsas.gxqzeiivtorusybirrmc.kfulvvdudkwdqqelahrt.gqauhzxmehjjlqyugvbs.com,1
ynedkxciacirfiokesyw.bmkydzoqvasfmcfbfvsm.emsitdliwfiqfswrisol.kkhnrklzemdxwyuixsyg.fxctfnmwbwbtzhxtanxc.yonaqryyzdfdcejnqrte.xpkdgilclstkyqzzmvrb.com,1
yortevsgpjizecxysjfc.uhavozhiaspcmgefritm.ruqrrhmsqjonvzkureaw.njtpibkxfkmxmflmgqwv.zadtozjvzoajgzvteqwq.qwmufxyswevuluzzvdph.com,1
piybgohbvfyyrifaezgo.nxtwdujxhzkmbzheacut.prswgkyxrqrroivvwcuk.poqnfxcmurriqhapwhox.qkaawmtukcquuybjmbwl.bovabnwzdzpfapvwsuws.com,1
cnn.com,1
ahscxlakeyiuylzpncfm.cvfbnqecnpdgaspqpuzc.ezzaduliubykahexnnwq.udvqnotakskmtduxyclz.ckxtjgigalymlzzzuhts.com,1
yfbwfslmcdtyqzevjrwm.rtlguqmabshntdmbxyvd.mfwugkcrxuvmosrxyctn.vjzldqyivhjpqetieoww.oefeosmueznvzalhapzo.com,1
dwkegtqeigfuuwxmeyry.ehrxpcheeeivvqttimkj.kylwxhuujafmnmryaxht.snxzarqqklxgyhaghhps.com,1
